0,0.0,0.0,3.178506367269473,-3.141592653590042,0
0.003149747848510742,0.0,0.0,3.178506367269473,0.0,-3.7688980431583485
0.0048367977142333984,0.0,0.0,3.178506367269473,0.0,-3.7688980431583485
0.006230831146240234,-2.6992894773607036e-05,-0.026992894773607036,3.178506367269473,0.0,-3.785550855164563
0.007685661315917969,-0.00014846092125483872,-0.12146802648123169,3.178506367269473,0.0,-3.843871229894947
0.008699893951416016,-0.0002834253951228739,-0.13496447386803512,3.178506367269473,0.0,-3.8523575330869115
0.009576797485351562,-0.0004318863163777126,-0.1484609212548387,3.178506367269473,0.0,-3.860861602633194
0.010343074798583984,-0.0006073401324061584,-0.1754538160284458,3.178506367269473,0.0,-3.8777098445369007
0.011365413665771484,-0.0008232832905950146,-0.21594315818885623,3.1792917654328705,0.7853981633973994,-4.154136727450117
0.01349329948425293,-0.001376637633453959,-0.5533543428589445,3.1800771635962684,0.7853981633978435,-4.4427704592642
0.014881610870361328,-0.0018355168446052784,-0.45887921115131947,3.1808625617596653,0.7853981633969553,-4.465403357836451
0.015816450119018555,-0.00218642447666217,-0.35090763205689174,3.1808625617596653,0.0,-4.2283687836279436
0.017208576202392578,-0.002564325003492669,-0.3779005268304984,3.1792917654328705,-1.5707963267947989,-3.7430501162509247
0.019349336624145508,-0.003468586978408504,-0.9042619749158354,3.173008580125691,-6.2831853071796395,-2.4005985543720785
0.021213769912719727,-0.0042378844794563044,-0.7692975010478008,3.167510792981909,-5.497787143781796,-1.9282269818405222
0.023009061813354492,-0.0049936855331173015,-0.7558010536609968,3.1627984040015242,-4.712388980384841,-1.6108047198607396
0.024819612503051758,-0.0058304652710991205,-0.8367797379818185,3.1580860150211394,-4.712388980384841,-1.1806221513179453
0.026077747344970703,-0.0063973160613448685,-0.5668507902457484,3.15494442236755,-3.1415926535895977,-1.036493029415905
0.027301549911499023,-0.006923677509430206,-0.5263614480853375,3.1518028297139598,-3.141592653590042,-0.6915027180190098
0.03159499168395996,-0.008232832905950147,-1.3091553965199403,3.147090440733575,-4.712388980384841,-0.3519364691533067
0.03380107879638672,-0.009231570012573607,-0.998737106623461,3.1392364590996005,-7.853981633974438,1.3238502621435528
0.03574514389038086,-0.009663456328951318,-0.43188631637771097,3.137665662772806,-1.5707963267943548,0.4644041863443933
0.03693437576293945,-0.010095342645329032,-0.4318863163777145,3.1353094682826135,-2.3561944901926424,0.8754310054385999
0.037897586822509766,-0.010297789356131085,-0.2024467108020515,3.134524070119216,-0.7853981633973994,0.7545459397592625
0.039110660552978516,-0.010500236066933137,-0.20244671080205334,3.134524070119216,0.0,0.5832520622139581
0.040129899978637695,-0.010648696988187975,-0.1484609212548377,3.1337386719558187,-0.7853981633973994,0.8675078932093442
0.04127907752990723,-0.010756668567282406,-0.10797157909442953,3.1329532737924213,-0.7853981633973994,0.9724810013883491
0.042905330657958984,-0.01091862593592405,-0.16195736864164342,3.1329532737924213,0.0,0.7680058643108398
0.04429483413696289,-0.010999604620244867,-0.0809786843208199,3.1329532737924213,0.0,0.8177511040776745
0.04575824737548828,-0.01105359040979208,-0.05398578954721387,3.1337386719558187,0.7853981633973994,0.5830806156602648
0.04704165458679199,-0.011067086857178885,-0.013496447386803919,3.134524070119216,0.7853981633973994,0.5277994481851387
0.04880833625793457,-0.01105359040979208,0.013496447386803919,3.136094866446011,1.5707963267947989,0.21302847147208945
0.05251193046569824,-0.010959115278084457,0.09447513170762561,3.1384510609362035,2.3561944901926424,-0.14859066858722084
0.05379223823547363,-0.010891633041150438,0.06748223693401778,3.1408072554263957,2.3561944901921983,-0.40568707631469925
0.05493783950805664,-0.010864640146376833,0.02699289477360603,3.142378051753191,1.570796326795243,-0.419928720456395
0.05604696273803711,-0.010837647251603225,0.026992894773607837,3.143163449916588,0.7853981633969553,-0.32905512558420186
0.05718493461608887,-0.010824150804216422,0.013496447386802106,3.1447342462433827,1.5707963267947989,-0.6687520212436678
0.05831718444824219,-0.010824150804216422,0.0,3.14551964440678,0.7853981633973994,-0.5862225987291435
0.05970025062561035,-0.010837647251603225,-0.013496447386802106,3.14551964440678,0.0,-0.4235216225017087
0.06067633628845215,-0.010864640146376833,-0.026992894773607837,3.14551964440678,0.0,-0.43186579485913473
0.061730146408081055,-0.010891633041150438,-0.02699289477360603,3.146305042570178,0.7853981633978435,-0.6831180298656343
0.06320571899414062,-0.01093212238331085,-0.04048934216041176,3.1486612370603706,2.3561944901926424,-1.2741026932400934
0.0645906925201416,-0.010986108172858064,-0.05398578954721387,3.1494466352237676,0.7853981633969553,-1.0206169539120031
0.06576299667358398,-0.01105359040979208,-0.06748223693401778,3.1494466352237676,0.0,-0.857987043101936
0.06690621376037598,-0.011121072646726099,-0.06748223693401778,3.1494466352237676,0.0,-0.8580758748735233
0.06844544410705566,-0.01124254067320733,-0.12146802648123166,3.1486612370603706,-0.7853981633969553,-0.640253628359968
0.07078790664672852,-0.011431490936622582,-0.18895026341524943,3.147090440733575,-1.570796326795687,-0.3506395331990739
0.073822021484375,-0.011755405673905867,-0.323914737283285,3.1439488480799858,-3.1415926535891536,0.22865972253901237
0.07745623588562012,-0.012065823963802345,-0.3104182898964793,3.143163449916588,-0.7853981633978435,-0.19633309058575102
0.07906293869018555,-0.012160299095509971,-0.09447513170762561,3.141592653589793,-1.5707963267947989,0.2678868016795095
0.08048629760742188,-0.01224127777983079,-0.0809786843208199,3.1408072554263957,-0.7853981633973994,0.18525078103903192
0.0818641185760498,-0.012308760016764808,-0.06748223693401778,3.1400218572629983,-0.7853981633973994,0.2736599089834614
0.08390140533447266,-0.012376242253698827,-0.06748223693401778,3.1392364590996005,-0.7853981633978435,0.35376039727919867
0.08578896522521973,-0.01243022804324604,-0.05398578954721387,3.1384510609362035,-0.7853981633969553,0.4421872915776519
0.08719062805175781,-0.012457220938019648,-0.026992894773607837,3.1392364590996005,0.7853981633969553,0.03652495363858028
0.08843445777893066,-0.01247071738540645,-0.013496447386803919,3.1392364590996005,0.0,0.2158432091634971
0.09233927726745605,-0.012497710280180058,-0.02699289477360603,3.1400218572629983,0.7853981633978435,-0.043717665491792464
0.09379053115844727,-0.012497710280180058,0.0,3.142378051753191,2.3561944901926424,-0.6097231108569293
0.09502482414245605,-0.012497710280180058,0.0,3.143163449916588,0.7853981633969553,-0.347857666462831
0.09690666198730469,-0.012511206727566861,-0.013496447386803919,3.1439488480799858,0.7853981633978435,-0.43637339253330915
0.0993499755859375,-0.012565192517114077,-0.05398578954721387,3.14551964440678,1.5707963267943548,-0.7927763992617006
0.10067152976989746,-0.012605681859274487,-0.04048934216041176,3.146305042570178,0.7853981633978435,-0.6936829965127446
0.1017448902130127,-0.012646171201434898,-0.04048934216040995,3.146305042570178,0.0,-0.522708913345058
0.10299992561340332,-0.012700156990982111,-0.05398578954721387,3.147090440733575,0.7853981633969553,-0.7823053207087397
0.10446882247924805,-0.01276763922791613,-0.06748223693401778,3.1478758388969728,0.7853981633978435,-0.8708921121965383
0.10572147369384766,-0.012835121464850148,-0.06748223693401778,3.1486612370603706,0.7853981633978435,-0.9511702640353538
0.10695934295654297,-0.012916100149170965,-0.0809786843208199,3.1494466352237676,0.7853981633969553,-1.0397748218769807
0.10798263549804688,-0.012983582386104984,-0.06748223693401778,3.1494466352237676,0.0,-0.8605276317693349
0.10925817489624023,-0.01307805751781261,-0.09447513170762561,3.1494466352237676,0.0,-0.877269275547137
0.11081218719482422,-0.01322651843906745,-0.14846092125483948,3.1478758388969728,-1.5707963267947989,-0.4082658594443508
0.11208105087280273,-0.013347986465548682,-0.12146802648123166,3.14551964440678,-2.3561944901926424,0.019786865096642858
0.11294889450073242,-0.013442461597256304,-0.09447513170762381,3.1439488480799858,-1.5707963267943548,0.025631037817671114
0.1139366626739502,-0.01353693672896393,-0.09447513170762561,3.1439488480799858,0.0,-0.31654809112353777
0.11622238159179688,-0.01361791541328475,-0.08097868432081809,3.143163449916588,-0.7853981633978435,-0.05712934730283531
0.11890935897827148,-0.013914837255794428,-0.2969218425096808,3.1408072554263957,-2.3561944901921983,0.3921642831841098
0.12219095230102539,-0.01407679462443607,-0.1619573686416398,3.1392364590996005,-1.570796326795243,0.46438874132421193
0.12367510795593262,-0.014171269756143696,-0.09447513170762743,3.137665662772806,-1.5707963267943548,0.666186215222096
0.12534570693969727,-0.014198262650917302,-0.026992894773604212,3.1368802646094087,-0.7853981633973994,0.6168558185941458
0.1273951530456543,-0.014198262650917302,0.0,3.136094866446011,-0.7853981633978435,0.7136624179590481
0.1288011074066162,-0.014171269756143696,0.026992894773604212,3.1353094682826135,-0.7853981633973994,0.810504550032392
0.12966132164001465,-0.014144276861370087,0.02699289477360965,3.1353094682826135,0.0,0.6395127005104891
0.13076233863830566,-0.014103787519209678,0.04048934216040813,3.1353094682826135,0.0,0.6478746392222282
0.1323697566986084,-0.014049801729662461,0.053985789547217486,3.134524070119216,-0.7853981633973994,0.9074710465860097
0.1337590217590332,-0.013968823045341644,0.08097868432081809,3.1353094682826135,0.7853981633973994,0.5019508394812303
0.1349043846130371,-0.013901340808407625,0.06748223693401778,3.136094866446011,0.7853981633973994,0.4135417115368021
0.13600826263427734,-0.013820362124086803,0.08097868432082352,3.136094866446011,0.0,0.5929843315420391
0.13718175888061523,-0.013752879887152786,0.06748223693401778,3.1368802646094087,0.7853981633978435,0.3335478213669697
0.1385045051574707,-0.013658404755445162,0.09447513170762199,3.137665662772806,0.7853981633973994,0.2701001450776889
0.13977575302124023,-0.013563929623737536,0.09447513170762561,3.1384510609362035,0.7853981633973994,0.19003518949068549
0.14128923416137695,-0.013469454492029912,0.09447513170762381,3.1392364590996005,0.7853981633969553,0.10997023390387672
0.1433086395263672,-0.013334490018161877,0.13496447386803556,3.1408072554263957,1.570796326795243,-0.19633220597176929
0.14441657066345215,-0.01326700778122786,0.06748223693401778,3.141592653589793,0.7853981633973994,-0.14694851028066994
0.14562153816223145,-0.013199525544293841,0.06748223693401778,3.142378051753191,0.7853981633978435,-0.22704899857640726
0.14711833000183105,-0.013145539754746628,0.05398578954721387,3.141592653589793,-0.7853981633978435,0.18695751172057634
0.1490797996520996,-0.01307805751781261,0.06748223693401778,3.142378051753191,0.7853981633978435,-0.22688910138755
0.15058112144470215,-0.0130375681756522,0.04048934216040995,3.1439488480799858,1.5707963267947989,-0.5748591039869765
0.15172290802001953,-0.013010575280878593,0.026992894773607837,3.1447342462433827,0.7853981633969553,-0.49229414876366984
0.15270733833312988,-0.012983582386104984,0.026992894773607837,3.14551964440678,0.7853981633973994,-0.5724479361223597
0.15405535697937012,-0.012970085938718182,0.013496447386802106,3.14551964440678,0.0,-0.40971142718629205
0.15523242950439453,-0.012970085938718182,0.0,3.14551964440678,0.0,-0.41802006683508086
0.15628814697265625,-0.012983582386104984,-0.013496447386802106,3.1447342462433827,-0.7853981633973994,-0.17512977054041803
0.1574103832244873,-0.012997078833491788,-0.013496447386803919,3.143163449916588,-1.5707963267947989,0.15625848547015916
0.1586780548095703,-0.013010575280878593,-0.013496447386803919,3.141592653589793,-1.5707963267947989,0.31661935925024703
0.16003799438476562,-0.0130375681756522,-0.026992894773607837,3.1408072554263957,-0.7853981633973994,0.21743712472945836
0.16123580932617188,-0.013051064623039002,-0.013496447386802106,3.1400218572629983,-0.7853981633973994,0.30591731809115996
0.16327548027038574,-0.013051064623039002,0.0,3.1400218572629983,0.0,0.14319857550940762
0.165055513381958,-0.013024071728265396,0.02699289477360603,3.1392364590996005,-0.7853981633978435,0.41106808981348714
0.16675591468811035,-0.012997078833491788,0.026992894773607837,3.1392364590996005,0.0,0.24007624029148536
0.1679081916809082,-0.012970085938718182,0.02699289477360603,3.1384510609362035,-0.7853981633969553,0.4913284752976903
0.1689441204071045,-0.012943093043944575,0.026992894773607837,3.1384510609362035,0.0,0.32033662577588196
0.16986489295959473,-0.012916100149170965,0.026992894773607837,3.137665662772806,-0.7853981633973994,0.571588860782286
0.1709306240081787,-0.012889107254397361,0.02699289477360603,3.1368802646094087,-0.7853981633973994,0.6518137135580971
0.17274856567382812,-0.012835121464850148,0.05398578954721387,3.1368802646094087,0.0,0.49747467604240586
0.17383909225463867,-0.01278113567530293,0.053985789547215675,3.137665662772806,0.7853981633973994,0.24632903916195834
0.17487215995788574,-0.01272714988575572,0.05398578954721206,3.137665662772806,0.0,0.4174274868097671
0.17601871490478516,-0.012673164096208505,0.05398578954721387,3.137665662772806,0.0,0.41749855222703813
0.17717695236206055,-0.01261917830666129,0.053985789547215675,3.1384510609362035,0.7853981633973994,0.16635291534654006
0.17858266830444336,-0.012551696069727274,0.06748223693401598,3.1392364590996005,0.7853981633969553,0.09456106669988512
0.17977690696716309,-0.012497710280180058,0.053985789547215675,3.1400218572629983,0.7853981633978435,0.006134172400945938
0.1811509132385254,-0.012443724490632845,0.05398578954721387,3.1408072554263957,0.7853981633973994,-0.07398408224891656
0.18264460563659668,-0.012403235148472434,0.04048934216040995,3.142378051753191,1.570796326795243,-0.4136454451997972
0.18418288230895996,-0.012349249358925219,0.05398578954721387,3.1439488480799858,1.5707963267947989,-0.5656443802679955
0.18590855598449707,-0.012335752911538418,0.013496447386803919,3.1447342462433827,0.7853981633969553,-0.4997144706965861
0.18759536743164062,-0.012335752911538418,0.0,3.146305042570178,1.570796326795243,-0.8394291327105664
0.18925809860229492,-0.012362745806312024,-0.026992894773607837,3.147090440733575,0.7853981633969553,-0.7652438825532241
0.19080448150634766,-0.012416731595859237,-0.05398578954721387,3.1486612370603706,1.570796326795687,-1.11333824963336
0.19217729568481445,-0.012484213832793255,-0.06748223693401778,3.1494466352237676,0.7853981633969553,-1.0308976588900325
0.19335198402404785,-0.012538199622340469,-0.05398578954721387,3.1510174315505624,1.5707963267947989,-1.3540661070235558
0.19464945793151855,-0.01261917830666129,-0.0809786843208199,3.1525882278773576,1.570796326795243,-1.531168624581592
0.19566059112548828,-0.012713653438368912,-0.09447513170762381,3.1533736260407546,0.7853981633969553,-1.4487635665469965
0.1964099407196045,-0.01278113567530293,-0.06748223693401778,3.1533736260407546,0.0,-1.2612077367905608
0.1972506046295166,-0.012862114359623752,-0.08097868432082171,3.1533736260407546,0.0,-1.2696229745652554
0.19800972938537598,-0.012943093043944575,-0.08097868432082171,3.1525882278773576,-0.7853981633969553,-1.0185128703935893
0.19893956184387207,-0.0130375681756522,-0.09447513170762561,3.1518028297139598,-0.7853981633978435,-0.9467565544551801
0.20003533363342285,-0.013172532649520233,-0.13496447386803373,3.150232033387165,-1.5707963267947989,-0.6404541145798728
0.2013559341430664,-0.013334490018161877,-0.16195736864164342,3.1486612370603706,-1.5707963267943548,-0.49690594999500526
0.20238590240478516,-0.013469454492029912,-0.13496447386803556,3.147090440733575,-1.570796326795687,-0.3200876941058541
0.20340490341186523,-0.013604418965897948,-0.13496447386803556,3.14551964440678,-1.5707963267947989,-0.15988671751481684
0.20441412925720215,-0.01372588699237918,-0.12146802648123166,3.14551964440678,0.0,-0.4937927395159665
0.2054145336151123,-0.013847355018860412,-0.12146802648123166,3.1447342462433827,-0.7853981633973994,-0.24273593440705463
0.20676946640014648,-0.013982319492728447,-0.13496447386803556,3.1439488480799858,-0.7853981633969553,-0.17103291753193867
0.20850300788879395,-0.014157773308756892,-0.1754538160284455,3.1439488480799858,0.0,-0.36721718131487885
0.21055006980895996,-0.014373716466945748,-0.21594315818885365,3.143163449916588,-0.7853981633978435,-0.1412106596325108
0.21192526817321777,-0.014495184493426978,-0.12146802648123166,3.142378051753191,-0.7853981633969553,-0.0030207592128580884
0.21339845657348633,-0.014630148967295014,-0.13496447386803556,3.141592653589793,-0.7853981633978435,0.06868225766259867
0.2146925926208496,-0.014738120546389444,-0.10797157909442953,3.1408072554263957,-0.7853981633973994,0.1653467261927182
0.21597671508789062,-0.014832595678097067,-0.09447513170762381,3.1408072554263957,0.0,0.0025036191307458346
0.21697783470153809,-0.014900077915031085,-0.06748223693401778,3.141592653589793,0.7853981633973994,-0.23218463564098124
0.2181706428527832,-0.014967560151965103,-0.06748223693401778,3.141592653589793,0.0,-0.06124608518202753
0.2191624641418457,-0.015035042388899121,-0.06748223693401778,3.141592653589793,0.0,-0.06133491695361491
0.2201392650604248,-0.01507553173105953,-0.04048934216040995,3.142378051753191,0.7853981633978435,-0.2959876390168533
0.2217867374420166,-0.015156510415380351,-0.08097868432082171,3.142378051753191,0.0,-0.1499927738584901
0.22318077087402344,-0.015237489099701174,-0.08097868432082171,3.143163449916588,0.7853981633969553,-0.40131607428201665
0.22448182106018066,-0.015291474889248388,-0.05398578954721387,3.1439488480799858,0.7853981633978435,-0.4649591804690776
0.2257387638092041,-0.015358957126182406,-0.06748223693401778,3.1447342462433827,0.7853981633969553,-0.5535459719564387
0.22704339027404785,-0.015426439363116424,-0.06748223693401778,3.14551964440678,0.7853981633973994,-0.6338241237953507
0.22854161262512207,-0.015520914494824047,-0.09447513170762381,3.14551964440678,0.0,-0.47953838534261073
0.23084521293640137,-0.015669375416078886,-0.14846092125483948,3.146305042570178,0.7853981633978435,-0.7641850761331284
0.2334277629852295,-0.015777346995173313,-0.10797157909442774,3.147090440733575,0.7853981633969553,-0.8195906080882823
0.23455595970153809,-0.015939304363814955,-0.1619573686416398,3.1486612370603706,1.570796326795687,-1.1844443853005366
0.23545479774475098,-0.016020283048135776,-0.08097868432082171,3.1494466352237676,0.7853981633969553,-1.0438610833700008
0.23636436462402344,-0.016087765285069795,-0.06748223693401778,3.1494466352237676,0.0,-0.8646138932623538
0.23743152618408203,-0.016182240416777422,-0.09447513170762743,3.150232033387165,0.7853981633973994,-1.1325722393379265
0.23963093757629395,-0.016384687127579473,-0.2024467108020515,3.1486612370603706,-1.5707963267943548,-0.525847065017122
0.24075651168823242,-0.01651965160144751,-0.13496447386803556,3.1478758388969728,-0.7853981633978435,-0.5753195924794691
0.2417278289794922,-0.01662762318054193,-0.10797157909442412,3.146305042570178,-1.5707963267947989,-0.22743842165157702
0.24297451972961426,-0.016762587654409966,-0.13496447386803556,3.14551964440678,-0.7853981633978435,-0.3350714266555503
0.24423861503601074,-0.01691104857566481,-0.1484609212548413,3.1447342462433827,-0.7853981633973994,-0.2633861761347022
0.24520659446716309,-0.01700552370737243,-0.09447513170762199,3.1439488480799858,-0.7853981633969553,-0.15008666195268205
0.24620676040649414,-0.017113495286466864,-0.10797157909443135,3.143163449916588,-0.7853981633978435,-0.07834811236864435
0.24743032455444336,-0.01722146686556129,-0.10797157909442774,3.143163449916588,0.0,-0.24951762543381975
0.24869537353515625,-0.017329438444655718,-0.10797157909442774,3.142378051753191,-0.7853981633969553,0.001556946029262202
0.250324010848999,-0.017450906471136948,-0.12146802648122984,3.142378051753191,0.0,-0.17793897303882825
0.2520754337310791,-0.017558878050231378,-0.10797157909443135,3.1408072554263957,-1.570796326795243,0.3326609403710028
0.25325632095336914,-0.0176398567345522,-0.0809786843208199,3.1400218572629983,-0.7853981633973994,0.2583335593792702
0.2542142868041992,-0.01769384252409941,-0.05398578954721206,3.1400218572629983,0.0,0.103852391029039
0.2555198669433594,-0.017747828313646626,-0.053985789547215675,3.1392364590996005,-0.7853981633978435,0.3549980279096327
0.25645971298217773,-0.01778831765580704,-0.04048934216040995,3.1392364590996005,0.0,0.19222598626483348
0.2586336135864258,-0.017855799892741057,-0.06748223693401778,3.1392364590996005,0.0,0.17551987519566628
0.2597346305847168,-0.017896289234901466,-0.04048934216040995,3.1400218572629983,0.7853981633978435,-0.059132846867572135
0.26133275032043457,-0.017923282129675075,-0.026992894773607837,3.1400218572629983,0.0,0.12016764230321954
0.26242780685424805,-0.017950275024448677,-0.026992894773607837,3.1408072554263957,0.7853981633973994,-0.1310845927031845
0.2635214328765869,-0.017963771471835484,-0.013496447386802106,3.141592653589793,0.7853981633973994,-0.20298303947588828
0.265338659286499,-0.01799076436660909,-0.026992894773607837,3.142378051753191,0.7853981633978435,-0.291516531900639
0.26690244674682617,-0.018017757261382696,-0.026992894773607837,3.1439488480799858,1.5707963267947989,-0.6229580869740731
0.268160343170166,-0.018058246603543108,-0.04048934216040995,3.1447342462433827,0.7853981633969553,-0.5404819635223538
0.268993616104126,-0.01807174305092991,-0.013496447386802106,3.14551964440678,0.7853981633973994,-0.604071770646416
0.2700314521789551,-0.018112232393090323,-0.04048934216041357,3.146305042570178,0.7853981633978435,-0.7009316690742753
0.27118468284606934,-0.018152721735250732,-0.04048934216040995,3.147090440733575,0.7853981633969553,-0.7811742882042093
0.2721576690673828,-0.018193211077411144,-0.04048934216040995,3.147090440733575,0.0,-0.6102002050367173
0.2730131149291992,-0.01824719686695836,-0.053985789547215675,3.1478758388969728,0.7853981633978435,-0.8697966124006441
0.2738173007965088,-0.01830118265650557,-0.05398578954721206,3.1478758388969728,0.0,-0.698840295587274
0.27471327781677246,-0.018355168446052787,-0.053985789547215675,3.1486612370603706,0.7853981633978435,-0.950128063302412
0.27565789222717285,-0.018422650682986805,-0.06748223693401778,3.1494466352237676,0.7853981633969553,-1.0387148547897214
0.2764449119567871,-0.018490132919920823,-0.06748223693401778,3.1494466352237676,0.0,-0.8677763043308644
0.27720189094543457,-0.018544118709468035,-0.05398578954721206,3.150232033387165,0.7853981633973994,-1.1107554323971123
0.27799463272094727,-0.018611600946402053,-0.06748223693401778,3.150232033387165,0.0,-0.9481255215869496
0.2790565490722656,-0.01870607607810968,-0.09447513170762561,3.1518028297139598,1.5707963267947989,-1.4673005699602395
0.2804596424102783,-0.018841040551977713,-0.13496447386803556,3.1518028297139598,0.0,-1.1503493879887008
0.2820754051208496,-0.01902999081539296,-0.18895026341524762,3.1525882278773576,0.7853981633978435,-1.4350493778421682
0.28340840339660645,-0.019205444631421407,-0.1754538160284455,3.1525882278773576,0.0,-1.255944318568869
0.2843782901763916,-0.019353905552676243,-0.1484609212548377,3.1518028297139598,-0.7853981633978435,-0.9883057668709155
0.28544187545776367,-0.019502366473931085,-0.1484609212548413,3.1510174315505624,-0.7853981633973994,-0.9083118767012788
0.2874763011932373,-0.01979928831644076,-0.2969218425096754,3.150232033387165,-0.7853981633973994,-0.9199084525657694
0.2886672019958496,-0.020001735027242815,-0.20244671080205334,3.1494466352237676,-0.7853981633973994,-0.7818251502717773
0.28972935676574707,-0.020163692395884458,-0.16195736864164342,3.1486612370603706,-0.7853981633969553,-0.6769231075101885
0.2907752990722656,-0.020339146211912903,-0.1754538160284455,3.1478758388969728,-0.7853981633978435,-0.605273389697683
0.2922790050506592,-0.02051460002794135,-0.1754538160284455,3.1478758388969728,0.0,-0.7765317345344478
0.29370546340942383,-0.02078452897567742,-0.2699289477360711,3.147090440733575,-0.7853981633978435,-0.5838308368644599
0.29531407356262207,-0.021027465028639877,-0.24293605296245968,3.146305042570178,-0.7853981633969553,-0.4873440318776085
0.29723477363586426,-0.021310890423762757,-0.28342539512287684,3.14551964440678,-0.7853981633978435,-0.43245372419722705
0.29941654205322266,-0.021648301608432844,-0.3374111846700889,3.1447342462433827,-0.7853981633973994,-0.3859431215831901
0.30042171478271484,-0.021796762529687683,-0.1484609212548377,3.1447342462433827,0.0,-0.44084497862816685
0.301283597946167,-0.021918230556168913,-0.12146802648122984,3.1447342462433827,0.0,-0.4243875965194443
0.30206727981567383,-0.022012705687876537,-0.09447513170762561,3.1439488480799858,-0.7853981633969553,-0.15667797940446723
0.3038005828857422,-0.02220165595129179,-0.18895026341525123,3.1439488480799858,0.0,-0.3861145681368846
0.305736780166626,-0.022444592004254253,-0.24293605296246332,3.143163449916588,-0.7853981633978435,-0.16845221881194145
0.3067755699157715,-0.02255256358334868,-0.10797157909442774,3.143163449916588,0.0,-0.2565353353892221
0.30785250663757324,-0.02266053516244311,-0.10797157909442774,3.143163449916588,0.0,-0.2566774662237619
0.30948495864868164,-0.022768506741537537,-0.10797157909442774,3.143163449916588,0.0,-0.2568195970583017
0.31075406074523926,-0.022943960557565982,-0.1754538160284455,3.1439488480799858,0.7853981633978435,-0.5498104602061925
0.31221580505371094,-0.023065428584047216,-0.12146802648123346,3.1439488480799858,0.0,-0.34570841656925455
0.3137848377227783,-0.023186896610528446,-0.12146802648122984,3.1447342462433827,0.7853981633969553,-0.5970850160557313
0.31502771377563477,-0.02330836463700968,-0.12146802648123346,3.1447342462433827,0.0,-0.4262175310141464
0.31598758697509766,-0.0233893433213305,-0.0809786843208199,3.14551964440678,0.7853981633973994,-0.6526149124914494
0.31712794303894043,-0.023483818453038117,-0.09447513170762199,3.14551964440678,0.0,-0.49002053438991944
0.3186168670654297,-0.023605286479519354,-0.12146802648123346,3.14551964440678,0.0,-0.5067977108763588
0.3206343650817871,-0.023794236742934603,-0.18895026341524762,3.146305042570178,0.7853981633978435,-0.7998063403786154
0.3217337131500244,-0.023902208322029033,-0.10797157909443135,3.147090440733575,0.7853981633969553,-0.8302859533874041
0.3225986957550049,-0.02398318700634985,-0.0809786843208199,3.147090440733575,0.0,-0.6427478899852825
0.32338666915893555,-0.024064165690670675,-0.0809786843208199,3.1478758388969728,0.7853981633978435,-0.8940711904090533
0.32456064224243164,-0.024172137269765102,-0.10797157909442774,3.1478758388969728,0.0,-0.739803218310535
0.3255617618560791,-0.024266612401472726,-0.09447513170762561,3.1486612370603706,0.7853981633978435,-0.9828356454398344
0.3266294002532959,-0.02438808042795396,-0.12146802648123346,3.1486612370603706,0.0,-0.8285854396956337
0.3274972438812256,-0.02446905911227478,-0.0809786843208199,3.1486612370603706,0.0,-0.8037661188751677
0.3283119201660156,-0.024563534243982405,-0.09447513170762561,3.1494466352237676,0.7853981633969553,-1.0634158253017518
0.3291037082672119,-0.02465800937569003,-0.09447513170762561,3.1494466352237676,0.0,-0.8925128075515298
0.3298656940460205,-0.02473898806001085,-0.0809786843208199,3.1486612370603706,-0.7853981633969553,-0.6330940637310728
0.3308393955230713,-0.02484695963910528,-0.10797157909442774,3.1486612370603706,0.0,-0.8208808560936367
0.332324743270874,-0.024995420560360117,-0.1484609212548377,3.1478758388969728,-0.7853981633978435,-0.5947855026396318
0.33369016647338867,-0.02518437082377537,-0.18895026341525123,3.146305042570178,-1.5707963267947989,-0.2885541281815976
0.3347346782684326,-0.025319335297643405,-0.13496447386803556,3.14551964440678,-0.7853981633978435,-0.346335295292829
0.3358457088470459,-0.02544080332412463,-0.12146802648122984,3.1447342462433827,-0.7853981633973994,-0.25799723276576403
0.3370327949523926,-0.025575767797992668,-0.13496447386803556,3.1439488480799858,-0.7853981633969553,-0.18629421589064912
0.3384068012237549,-0.02573772516663431,-0.1619573686416398,3.143163449916588,-0.7853981633978435,-0.12293537137266566
0.33945322036743164,-0.025845696745728737,-0.10797157909442774,3.143163449916588,0.0,-0.2608703258426858
0.34092259407043457,-0.025940171877436365,-0.09447513170762925,3.142378051753191,-0.7853981633969553,-0.001469348376499866
0.3424549102783203,-0.026115625693464806,-0.1754538160284419,3.141592653589793,-0.7853981633978435,0.028637171192061578
0.3433248996734619,-0.02619660437778563,-0.08097868432082714,3.1408072554263957,-0.7853981633973994,0.166880370674759
0.34404754638671875,-0.026250590167332843,-0.053985789547208424,3.1408072554263957,0.0,0.012399202324534512
0.3448774814605713,-0.02630457595688006,-0.053985789547215675,3.1400218572629983,-0.7853981633973994,0.26354483920502925
0.34632396697998047,-0.02638555464120088,-0.0809786843208199,3.1392364590996005,-0.7853981633978435,0.3270102818488715
0.3478071689605713,-0.0264530368781349,-0.06748223693402142,3.1392364590996005,0.0,0.16420270749543284
0.3493654727935791,-0.026520519115068916,-0.06748223693401416,3.1384510609362035,-0.7853981633969553,0.41533057802142104
0.35039567947387695,-0.02654751200984252,-0.026992894773607837,3.1384510609362035,0.0,0.26919358202870813
0.35129570960998535,-0.02657450490461613,-0.026992894773611466,3.1384510609362035,0.0,0.269158049320071
0.35246729850769043,-0.02658800135200293,-0.013496447386798482,3.1384510609362035,0.0,0.27744892261454895
0.35454416275024414,-0.026601497799389733,-0.013496447386802106,3.1392364590996005,0.7853981633969553,0.026214453962658174
0.35574769973754883,-0.026601497799389733,0.0,3.1400218572629983,0.7853981633978435,-0.045666226455974436
0.3569185733795166,-0.02658800135200293,0.013496447386802106,3.1408072554263957,0.7853981633973994,-0.11752914051999945
0.35800623893737793,-0.02658800135200293,0.0,3.141592653589793,0.7853981633973994,-0.2060271002359656
0.3595240116119385,-0.02658800135200293,0.0,3.142378051753191,0.7853981633978435,-0.2862164203032903
0.3609600067138672,-0.02658800135200293,0.0,3.1439488480799858,1.5707963267947989,-0.6176224426680894
0.36269640922546387,-0.026601497799389733,-0.013496447386802106,3.1447342462433827,0.7853981633969553,-0.5351107865077351
0.36490345001220703,-0.026641987141550146,-0.04048934216041357,3.146305042570178,1.570796326795243,-0.8831873872334601
0.3665771484375,-0.026722965825870967,-0.0809786843208199,3.147090440733575,0.7853981633969553,-0.8173818421421742
0.36776304244995117,-0.026776951615418182,-0.053985789547215675,3.147090440733575,0.0,-0.629808246031422
0.3686795234680176,-0.026844433852352197,-0.06748223693401416,3.1486612370603706,1.570796326795687,-1.1406391220475276
0.3697633743286133,-0.026898419641899412,-0.053985789547215675,3.1486612370603706,0.0,-0.7903467833547354
0.37146735191345215,-0.02703338411576745,-0.13496447386803556,3.150232033387165,1.5707963267943548,-1.3428096893859878
0.37272143363952637,-0.027127859247475072,-0.09447513170762561,3.1510174315505624,0.7853981633973994,-1.2271700727565742
0.3737921714782715,-0.027222334379182696,-0.09447513170762199,3.1510174315505624,0.0,-1.0562670550062534
0.37493228912353516,-0.027330305958277127,-0.10797157909443135,3.1510174315505624,0.0,-1.0647178254895864
0.37613463401794434,-0.02745177398475836,-0.12146802648123346,3.1494466352237676,-1.5707963267947989,-0.5707529577317448
0.37749266624450684,-0.027627227800786802,-0.1754538160284419,3.1478758388969728,-1.5707963267947989,-0.4438398387986725
0.378617525100708,-0.02776219227465484,-0.13496447386803556,3.147090440733575,-0.7853981633978435,-0.5099296455586972
0.38010263442993164,-0.027937646090683287,-0.17545381602844914,3.147090440733575,0.0,-0.706113909341833
0.3809797763824463,-0.028059114117164517,-0.12146802648122984,3.147090440733575,0.0,-0.6730392479355284
0.38193464279174805,-0.02815358924887214,-0.09447513170762199,3.146305042570178,-0.7853981633969553,-0.4053296308205491
0.38320159912109375,-0.02830205017012698,-0.1484609212548413,3.146305042570178,0.0,-0.6097870015436477
0.3847086429595947,-0.028477503986155422,-0.1754538160284419,3.14551964440678,-0.7853981633978435,-0.3754185411494845
0.3860142230987549,-0.028639461354797065,-0.16195736864164342,3.14551964440678,0.0,-0.5383504799831453
0.3870999813079834,-0.028760929381278298,-0.12146802648123346,3.1447342462433827,-0.7853981633973994,-0.26236775592786493
0.388700008392334,-0.028936383197306747,-0.1754538160284455,3.1439488480799858,-0.7853981633969553,-0.2156439570620689
0.38961076736450195,-0.029044354776401174,-0.10797157909442774,3.1439488480799858,0.0,-0.34527027188310466
0.3907787799835205,-0.029165822802882404,-0.12146802648123346,3.1439488480799858,0.0,-0.353738808720753
0.3918604850769043,-0.029287290829363637,-0.12146802648122984,3.1439488480799858,0.0,-0.353898705909608
0.39278507232666016,-0.029368269513684455,-0.0809786843208199,3.1439488480799858,0.0,-0.3290793850891442
0.39387989044189453,-0.02947624109277889,-0.10797157909443135,3.1439488480799858,0.0,-0.34583879522126604
0.394817590713501,-0.02957071622448651,-0.09447513170762561,3.1439488480799858,0.0,-0.3376545200526973
0.39592409133911133,-0.029665191356194134,-0.09447513170762199,3.143163449916588,-0.7853981633978435,-0.08656218223510223
0.39681363105773926,-0.029746170040514955,-0.0809786843208199,3.143163449916588,0.0,-0.24938752294285613
0.3985021114349365,-0.029881134514382988,-0.13496447386803556,3.142378051753191,-0.7853981633969553,-0.031583042783568764
0.3999505043029785,-0.03000260254086422,-0.12146802648122984,3.142378051753191,0.0,-0.1944616825540794
0.4010498523712158,-0.03009707767257185,-0.09447513170762925,3.143163449916588,0.7853981633969553,-0.4291854700343481
0.40219879150390625,-0.03017805635689267,-0.0809786843208199,3.143163449916588,0.0,-0.24995604628101528
0.40335679054260254,-0.030259035041213488,-0.0809786843208199,3.1439488480799858,0.7853981633978435,-0.5012793467047353
0.40497827529907227,-0.030367006620307915,-0.10797157909442774,3.1439488480799858,0.0,-0.3470113746062171
0.4064610004425049,-0.03047497819940235,-0.10797157909443135,3.1447342462433827,0.7853981633969553,-0.5983702077383809
0.4075355529785156,-0.030555956883723166,-0.0809786843208199,3.1447342462433827,0.0,-0.41083214433625925
0.4083428382873535,-0.030609942673270378,-0.05398578954721206,3.1447342462433827,0.0,-0.3942859304559493
0.40941548347473145,-0.030690921357591203,-0.08097868432082352,3.1447342462433827,0.0,-0.4110098078794362
0.4103713035583496,-0.030758403594525217,-0.06748223693401416,3.1447342462433827,0.0,-0.4027900000022303
0.4112281799316406,-0.03082588583145924,-0.06748223693402142,3.1447342462433827,0.0,-0.40287883177382217
0.4127163887023926,-0.030920360963166863,-0.09447513170762199,3.14551964440678,0.7853981633973994,-0.670837177849389
0.41402578353881836,-0.03102833254226129,-0.10797157909442774,3.146305042570178,0.7853981633978435,-0.7594772684000445
0.415454626083374,-0.03112280767396891,-0.09447513170762199,3.146305042570178,0.0,-0.5802656110008378
0.4168412685394287,-0.031230779253063345,-0.10797157909443497,3.146305042570178,0.0,-0.5887163814841733
0.4194188117980957,-0.03143322596386539,-0.20244671080204973,3.146305042570178,0.0,-0.6471433543404569
0.4217069149017334,-0.031635672674667444,-0.20244671080204973,3.1447342462433827,-1.570796326795243,-0.14497644505958418
0.4229288101196289,-0.031743644253761874,-0.10797157909442774,3.1439488480799858,-0.7853981633969553,-0.1777961605161551
0.4240748882293701,-0.031851615832856305,-0.10797157909443497,3.143163449916588,-0.7853981633978435,-0.09774897128332857
0.4252052307128906,-0.03194609096456393,-0.09447513170762199,3.142378051753191,-0.7853981633969553,-0.009375376047771482
0.42658185958862305,-0.03204056609627155,-0.09447513170762199,3.142378051753191,0.0,-0.1805271227584382
0.4289219379425049,-0.03218902701752639,-0.1484609212548413,3.141592653589793,-0.7853981633978435,0.03725959104677348
0.43082118034362793,-0.03228350214923402,-0.09447513170762199,3.1408072554263957,-0.7853981633973994,0.1505591052287937
0.4330024719238281,-0.03239147372832844,-0.10797157909442774,3.1392364590996005,-1.570796326795243,0.4735143571105566
0.4342024326324463,-0.03244545951787566,-0.053985789547215675,3.1384510609362035,-0.7853981633969553,0.4158397881248364
0.4352445602416992,-0.03247245241264927,-0.026992894773611466,3.1384510609362035,0.0,0.26139415248333464
0.4361872673034668,-0.03248594886003607,-0.013496447386802106,3.1384510609362035,0.0,0.26968502577781045
0.43898820877075195,-0.032499445307422874,-0.013496447386798482,3.137665662772806,-0.7853981633973994,0.5208839617212643
0.4400746822357178,-0.03248594886003607,0.013496447386798482,3.1368802646094087,-0.7853981633973994,0.6177083274403323
0.4412086009979248,-0.03247245241264927,0.013496447386802106,3.136094866446011,-0.7853981633978435,0.6979154138619766
0.4423658847808838,-0.032458955965262465,0.013496447386805733,3.1353094682826135,-0.7853981633973994,0.7781225002834276
0.4444859027862549,-0.032404970175715246,0.053985789547215675,3.1353094682826135,0.0,0.632092102416525
0.44577646255493164,-0.03232399149139443,0.0809786843208199,3.1353094682826135,0.0,0.6488159798400075
0.44745302200317383,-0.032243012807073604,0.08097868432082352,3.136094866446011,0.7853981633973994,0.39770587566814547
0.4485468864440918,-0.032162034122752786,0.0809786843208199,3.136094866446011,0.0,0.5688398560245892
0.4494602680206299,-0.032108048333205574,0.05398578954721206,3.1368802646094087,0.7853981633978435,0.3010769398464134
0.4505796432495117,-0.03204056609627155,0.06748223693402142,3.1368802646094087,0.0,0.4805017934974319
0.453289270401001,-0.031865112280243114,0.1754538160284419,3.137665662772806,0.7853981633973994,0.2959851709961533
0.45531439781188965,-0.031703154911601465,0.16195736864164342,3.1392364590996005,1.5707963267943548,-0.04351629476562261
0.4564204216003418,-0.03162217622728064,0.08097868432082352,3.1400218572629983,0.7853981633978435,-0.0024234723693354
0.45798492431640625,-0.03152770109557302,0.09447513170762199,3.1400218572629983,0.0,0.1770369139903113
0.45919036865234375,-0.0314467224112522,0.0809786843208199,3.1400218572629983,0.0,0.16883487246742737
0.4600238800048828,-0.031406233069091787,0.04048934216041357,3.1408072554263957,0.7853981633973994,-0.10725444971375571
0.460827112197876,-0.03136574372693138,0.04048934216041357,3.1408072554263957,0.0,0.0638262315797378
0.46178507804870605,-0.03132525438477097,0.04048934216040632,3.141592653589793,0.7853981633973994,-0.1873371716550327
0.46289753913879395,-0.03127126859522375,0.053985789547215675,3.141592653589793,0.0,-0.00793008435842842
0.4639110565185547,-0.031244275700450144,0.026992894773607837,3.141592653589793,0.0,-0.024511830947373307
0.4652214050292969,-0.031203786358289735,0.04048934216040632,3.142378051753191,0.7853981633978435,-0.2673665945335001
0.46641039848327637,-0.031163297016129323,0.04048934216041357,3.142378051753191,0.0,-0.09628591323990542
0.46773266792297363,-0.03114980056874252,0.013496447386802106,3.142378051753191,0.0,-0.11288542618317003
0.4691450595855713,-0.03112280767396891,0.026992894773611466,3.143163449916588,0.7853981633969553,-0.3557579561233635
0.47029995918273926,-0.031109311226582115,0.013496447386798482,3.143163449916588,0.0,-0.19302144718739717
0.47158384323120117,-0.03109581477919531,0.013496447386802106,3.143163449916588,0.0,-0.19300368083307745
0.4737370014190674,-0.03109581477919531,0.0,3.143163449916588,0.0,-0.20131232048186626
0.47503161430358887,-0.031109311226582115,-0.013496447386802106,3.143163449916588,0.0,-0.20963872648497253
0.475980281829834,-0.03112280767396891,-0.013496447386798482,3.143163449916588,0.0,-0.20965649283928778
0.47684454917907715,-0.03112280767396891,0.0,3.143163449916588,0.0,-0.2013478531905012
0.47811055183410645,-0.031136304121355717,-0.013496447386805733,3.142378051753191,-0.7853981633969553,0.04154244310401203
0.47989463806152344,-0.031163297016129323,-0.026992894773607837,3.142378051753191,0.0,-0.13782911148385613
0.48111391067504883,-0.03117679346351613,-0.013496447386805733,3.141592653589793,-0.7853981633978435,0.12167846410848102
0.4822707176208496,-0.031190289910902932,-0.013496447386802106,3.141592653589793,0.0,-0.04936668447647205
0.48520374298095703,-0.031203786358289735,-0.013496447386805733,3.141592653589793,0.0,-0.04938445083079176
0.4865419864654541,-0.031217282805676542,-0.013496447386802106,3.141592653589793,0.0,-0.049402217185107004
0.4875936508178711,-0.031217282805676542,0.0,3.1408072554263957,-0.7853981633973994,0.21012312476140024
0.48865246772766113,-0.031230779253063345,-0.013496447386805733,3.1408072554263957,0.0,0.03076933652775064
0.48984813690185547,-0.031230779253063345,0.0,3.1408072554263957,0.0,0.03907797617654168
0.49127650260925293,-0.031230779253063345,0.0,3.1408072554263957,0.0,0.03907797617654168
0.4927811622619629,-0.031230779253063345,0.0,3.1408072554263957,0.0,0.03907797617654168
0.49382495880126953,-0.031230779253063345,0.0,3.1408072554263957,0.0,0.03907797617654168
0.4948303699493408,-0.031230779253063345,0.0,3.1408072554263957,0.0,0.03907797617654168
0.4966902732849121,-0.031217282805676542,0.013496447386805733,3.1408072554263957,0.0,0.047404382179650185
0.49860477447509766,-0.031217282805676542,0.0,3.1408072554263957,0.0,0.039095742530859144
0.49973630905151367,-0.031203786358289735,0.013496447386802106,3.1408072554263957,0.0,0.047422148533965425
0.5009570121765137,-0.031203786358289735,0.0,3.1400218572629983,-0.7853981633973994,0.2903302111829458
0.5019116401672363,-0.031203786358289735,0.0,3.1400218572629983,0.0,0.11930282895240461
0.5045754909515381,-0.03117679346351613,0.026992894773607837,3.1400218572629983,0.0,0.1359556409586194
0.5066561698913574,-0.031163297016129323,0.013496447386805733,3.1400218572629983,0.0,0.12766476766414805
0.5080220699310303,-0.031136304121355717,0.026992894773607837,3.1400218572629983,0.0,0.1360089400215718
0.5090241432189941,-0.03112280767396891,0.013496447386805733,3.1400218572629983,0.0,0.12771806672710048
0.510357141494751,-0.031109311226582115,0.013496447386798482,3.1400218572629983,0.0,0.1277358330814135
0.512225866317749,-0.03109581477919531,0.013496447386802106,3.1400218572629983,0.0,0.1277535994357332
0.5142364501953125,-0.031041828989648093,0.053985789547215675,3.1400218572629983,0.0,0.15275058379937398
0.5152387619018555,-0.03102833254226129,0.013496447386805733,3.1400218572629983,0.0,0.1278424312073228
0.5166447162628174,-0.03100133964748768,0.026992894773607837,3.1400218572629983,0.0,0.13618660356474654
0.5178766250610352,-0.030987843200100878,0.013496447386805733,3.1392364590996005,-0.7853981633978435,0.37911243256814103
0.519777774810791,-0.03094735385794047,0.04048934216040632,3.1392364590996005,0.0,0.22475562869803103
0.520869255065918,-0.030920360963166863,0.026992894773607837,3.1392364590996005,0.0,0.2164825217578794
0.5218169689178467,-0.030893368068393254,0.026992894773607837,3.1392364590996005,0.0,0.21651805446651437
0.5227115154266357,-0.030866375173619644,0.026992894773607837,3.1392364590996005,0.0,0.21655358717514928
0.5244665145874023,-0.03082588583145924,0.04048934216040632,3.1392364590996005,0.0,0.2249155258868883
0.5260176658630371,-0.03077190004191202,0.053985789547215675,3.1384510609362035,-0.7853981633969553,0.4845119332505226
0.5271034240722656,-0.030731410699751615,0.04048934216040632,3.1384510609362035,0.0,0.3052292104342373
0.5283823013305664,-0.030690921357591203,0.04048934216041357,3.137665662772806,-0.7853981633973994,0.5564992117949633
0.5294690132141113,-0.03065043201543079,0.04048934216041357,3.137665662772806,0.0,0.3855251286273746
0.531057596206665,-0.030582949778496776,0.06748223693401416,3.137665662772806,0.0,0.40223123969653735
0.532418966293335,-0.030515467541562754,0.06748223693402142,3.137665662772806,0.0,0.4023200714681292
0.5335040092468262,-0.030461481752015546,0.053985789547208424,3.1368802646094087,-0.7853981633973994,0.6452991995343221
0.5345377922058105,-0.030393999515081524,0.06748223693402142,3.1368802646094087,0.0,0.4826692887241638
0.535362720489502,-0.030353510172921115,0.04048934216040632,3.136094866446011,-0.7853981633978435,0.7173220107873977
0.5366888046264648,-0.0302995243833739,0.0539857895472193,3.136094866446011,0.0,0.5546743336228253
0.5378994941711426,-0.03017805635689267,0.12146802648122984,3.136094866446011,0.0,0.5963774290556265
0.5388052463531494,-0.030110574119958648,0.06748223693402142,3.136094866446011,0.0,0.5632317022320588
0.5396597385406494,-0.030043091883024634,0.06748223693401416,3.1353094682826135,-0.7853981633973994,0.8145372363014108
0.540442943572998,-0.02997560964609062,0.06748223693401416,3.1353094682826135,0.0,0.643598685842457
0.5412428379058838,-0.029908127409156597,0.06748223693402142,3.1353094682826135,0.0,0.6436875176140489
0.5420708656311035,-0.029840645172222582,0.06748223693401416,3.1353094682826135,0.0,0.6437763493856318
0.5430788993835449,-0.029746170040514955,0.09447513170762925,3.134524070119216,-0.7853981633973994,0.9117346954611567
0.5438854694366455,-0.02967868780358094,0.06748223693401416,3.134524070119216,0.0,0.7241788657046188
0.5448315143585205,-0.02959770911926012,0.0809786843208199,3.134524070119216,0.0,0.7325941034793146
0.5460226535797119,-0.029489737540165685,0.10797157909443497,3.1337386719558187,-0.7853981633973994,1.0005702159091572
0.5473754405975342,-0.029354773066297652,0.13496447386803556,3.1337386719558187,0.0,0.8463377765193663
0.5498738288879395,-0.02909834056594839,0.2564325003492618,3.134524070119216,0.7853981633973994,0.6702363917927835
0.5512068271636963,-0.028936383197306747,0.16195736864164342,3.1353094682826135,0.7853981633973994,0.5320997904358921
0.5528695583343506,-0.028747432933891495,0.18895026341525123,3.1353094682826135,0.0,0.7199931809244575
0.5542497634887695,-0.028585475565249856,0.16195736864163618,3.136094866446011,0.7853981633973994,0.45237239558091386
0.5553300380706787,-0.02845051109138182,0.13496447386803556,3.1368802646094087,0.7853981633978435,0.3557434597591885
0.5564095973968506,-0.028329043064900587,0.12146802648123346,3.137665662772806,0.7853981633973994,0.2674053972321763
0.5574302673339844,-0.028221071485806156,0.10797157909443135,3.1384510609362035,0.7853981633973994,0.17904956835069938
0.5584824085235596,-0.02811309990671173,0.10797157909442774,3.1384510609362035,0.0,0.35021908141577807
0.5607922077178955,-0.02789715674852287,0.21594315818885548,3.1392364590996005,0.7853981633969553,0.16575575797760367
0.5619173049926758,-0.027789185169428444,0.10797157909442774,3.1400218572629983,0.7853981633978435,0.019239451554404933
0.5631387233734131,-0.027694710037720824,0.09447513170762199,3.1400218572629983,0.0,0.18208255861647402
0.5652039051055908,-0.027586738458626397,0.10797157909442774,3.1408072554263957,0.7853981633973994,-0.060683373197964234
0.5667569637298584,-0.027438277537371554,0.1484609212548413,3.141592653589793,0.7853981633973994,-0.1157513444212785
0.5677776336669922,-0.02738429174782434,0.053985789547215675,3.142378051753191,0.7853981633978435,-0.25403007661286164
0.5687122344970703,-0.027343802405663926,0.04048934216041357,3.142378051753191,0.0,-0.09125803496806016
0.5701289176940918,-0.027289816616116715,0.053985789547208424,3.142378051753191,0.0,-0.08287832990200596
0.5717780590057373,-0.0272358308265695,0.0539857895472193,3.143163449916588,0.7853981633969553,-0.3340239667823511
0.5732090473175049,-0.027181845037022288,0.053985789547208424,3.1439488480799858,0.7853981633978435,-0.41414222143245866
0.574425458908081,-0.027154852142248682,0.026992894773607837,3.1447342462433827,0.7853981633969553,-0.510913288088383
0.5756003856658936,-0.027141355694861875,0.013496447386805733,3.1447342462433827,0.0,-0.3481767791524099
0.5769269466400146,-0.027141355694861875,0.0,3.1447342462433827,0.0,-0.356485418801201
0.5788547992706299,-0.027154852142248682,-0.013496447386805733,3.1439488480799858,-0.7853981633969553,-0.11359512250668774
0.580193042755127,-0.027168348589635485,-0.013496447386802106,3.143163449916588,-0.7853981633978435,-0.0334235687936322
0.5811936855316162,-0.027195341484409094,-0.026992894773607837,3.142378051753191,-0.7853981633969553,0.03842157891592573
0.5820136070251465,-0.027208837931795897,-0.013496447386805733,3.142378051753191,0.0,-0.12431493002004733
0.5833439826965332,-0.027222334379182696,-0.013496447386798482,3.141592653589793,-0.7853981633978435,0.12688400592350546
0.5854284763336182,-0.0272358308265695,-0.013496447386802106,3.1408072554263957,-0.7853981633973994,0.2070555596362664
0.5868175029754639,-0.027249327273956302,-0.013496447386805733,3.1408072554263957,0.0,0.03601041105140558
0.588402271270752,-0.027249327273956302,0.0,3.1408072554263957,0.0,0.044319050700196615
0.5894210338592529,-0.027249327273956302,0.0,3.1400218572629983,-0.7853981633973994,0.29553575299796575
0.5904510021209717,-0.027249327273956302,0.0,3.1400218572629983,0.0,0.12450837076742459
0.5931689739227295,-0.027222334379182696,0.026992894773607837,3.1392364590996005,-0.7853981633978435,0.3923778850715052
0.5943770408630371,-0.027208837931795897,0.013496447386798482,3.1384510609362035,-0.7853981633969553,0.46427633184396266
0.5956132411956787,-0.027181845037022288,0.026992894773607837,3.1384510609362035,0.0,0.3015931219709465
0.5966951847076416,-0.027154852142248682,0.026992894773607837,3.1384510609362035,0.0,0.30162865467958144
0.5980510711669922,-0.02711436280008827,0.04048934216041357,3.1384510609362035,0.0,0.3099905933913249
0.5998663902282715,-0.027060377010541058,0.05398578954721206,3.1384510609362035,0.0,0.3183702984573814
0.6009624004364014,-0.027019887668380645,0.04048934216040995,3.1384510609362035,0.0,0.310114957871545
0.6019001007080078,-0.026992894773607036,0.026992894773607837,3.1384510609362035,0.0,0.3018418509313911
0.6028177738189697,-0.02695240543144663,0.04048934216040995,3.1384510609362035,0.0,0.3102037896431324
0.6036844253540039,-0.02691191608928622,0.04048934216040995,3.1384510609362035,0.0,0.31025708870608476
0.6048219203948975,-0.026871426747125806,0.04048934216041357,3.1384510609362035,0.0,0.31031038776903946
0.6060445308685303,-0.026817440957578594,0.05398578954721206,3.1384510609362035,0.0,0.31869009283509586
0.6069371700286865,-0.026776951615418182,0.04048934216040995,3.1384510609362035,0.0,0.31043475224925954
0.6078343391418457,-0.02673646227325777,0.04048934216041357,3.1384510609362035,0.0,0.3104880513122142
0.6086575984954834,-0.026709469378484167,0.02699289477360059,3.1384510609362035,0.0,0.30221494437205365
0.60955810546875,-0.026668980036323755,0.04048934216041357,3.137665662772806,-0.7853981633973994,0.5617935853815706
0.6104776859283447,-0.026614994246776536,0.053985789547215675,3.137665662772806,0.0,0.3991459082170882
0.6113135814666748,-0.02657450490461613,0.04048934216040632,3.1384510609362035,0.7853981633973994,0.1396738653334783
0.6122939586639404,-0.02653401556245572,0.04048934216041357,3.1384510609362035,0.0,0.31075454662697627
0.613487720489502,-0.026480029772908503,0.053985789547215675,3.137665662772806,-0.7853981633973994,0.5703509539908042
0.6146993637084961,-0.02641254753597449,0.06748223693401778,3.137665662772806,0.0,0.4077210431806391
0.6160669326782227,-0.02635856174642727,0.053985789547215675,3.137665662772806,0.0,0.39948346894912024
0.618119478225708,-0.026223597272559233,0.13496447386803556,3.1368802646094087,-0.7853981633973994,0.7007296726827508
0.6196253299713135,-0.026129122140851613,0.09447513170762199,3.1368802646094087,0.0,0.5049007359860611
0.6216075420379639,-0.026021150561757186,0.10797157909442774,3.1368802646094087,0.0,0.513351506469392
0.6229021549224854,-0.02588618608788915,0.13496447386803556,3.136094866446011,-0.7853981633978435,0.7813631516080123
0.624016523361206,-0.025791710956181525,0.09447513170762199,3.136094866446011,0.0,0.5855342149112258
0.6250488758087158,-0.0257107322718607,0.08097868432082714,3.1353094682826135,-0.7853981633973994,0.8285488756861153
0.6266524791717529,-0.025602760692766277,0.10797157909442412,3.1353094682826135,0.0,0.6742809035876873
0.628150463104248,-0.02544080332412463,0.16195736864164342,3.134524070119216,-0.7853981633973994,0.9589453607323773
0.629570722579956,-0.025292342402869795,0.1484609212548377,3.134524070119216,0.0,0.7798047687505375
0.6315507888793945,-0.02508989569206774,0.20244671080205334,3.1337386719558187,-0.7853981633973994,1.0645225249581778
0.6332614421844482,-0.02488744898126569,0.20244671080205334,3.1329532737924213,-0.7853981633973994,1.1449783403401173
0.6344900131225586,-0.024725491612624047,0.1619573686416398,3.1329532737924213,0.0,0.9492382354150148
0.6354224681854248,-0.024604023586142817,0.12146802648123346,3.1329532737924213,0.0,0.9244722136575056
0.6363935470581055,-0.02448255555966158,0.12146802648123346,3.1329532737924213,0.0,0.9246321108463629
0.6389830112457275,-0.024212626611925515,0.26992894773606746,3.1329532737924213,0.0,1.0163824740693959
0.6403985023498535,-0.02392920121680264,0.28342539512287684,3.1329532737924213,0.0,1.025064207158856
0.6417074203491211,-0.023740250953387387,0.18895026341524762,3.1329532737924213,0.0,0.9671524585777702
0.6428494453430176,-0.023564797137358942,0.1754538160284455,3.1329532737924213,0.0,0.9590747815351087
0.6440234184265137,-0.0233893433213305,0.1754538160284455,3.1337386719558187,0.7853981633973994,0.7080890418435174
0.64642333984375,-0.02310591792620762,0.28342539512287684,3.1337386719558187,0.0,0.9459586347050447
0.6480951309204102,-0.022741513846763928,0.36440407944369313,3.134524070119216,0.7853981633973994,0.7450734618666333
0.6490163803100586,-0.022593052925509092,0.1484609212548377,3.134524070119216,0.0,0.7833580396140324
0.6502296924591064,-0.022417599109480643,0.1754538160284455,3.134524070119216,0.0,0.8002062815177392
0.651827335357666,-0.02217466305651818,0.24293605296246332,3.1353094682826135,0.7853981633973994,0.5908525718416839
0.6532659530639648,-0.02194522345094252,0.2294396055756612,3.1353094682826135,0.0,0.7538733424468333
0.6550469398498535,-0.021756273187527275,0.18895026341524762,3.136094866446011,0.7853981633973994,0.47797945016313786
0.6564412117004395,-0.0214593513450176,0.2969218425096754,3.136094866446011,0.0,0.7158668093789806
0.6573419570922852,-0.021310890423762757,0.1484609212548413,3.136094866446011,0.0,0.6246672031397893
0.6585826873779297,-0.02113543660773431,0.1754538160284455,3.1368802646094087,0.7853981633978435,0.3902987427456283
0.6594791412353516,-0.02101396858125308,0.12146802648122984,3.1368802646094087,0.0,0.5282514635699637
0.6605494022369385,-0.02085201121261144,0.16195736864164342,3.1368802646094087,0.0,0.5533905787681442
0.6613984107971191,-0.020730543186130206,0.12146802648123346,3.1368802646094087,0.0,0.5286245570106329
0.6622190475463867,-0.02062257160703578,0.10797157909442774,3.137665662772806,0.7853981633973994,0.2692413458986632
0.66306471824646,-0.02051460002794135,0.10797157909442774,3.137665662772806,0.0,0.44041085896374405
0.6638908386230469,-0.02040662844884692,0.10797157909442774,3.137665662772806,0.0,0.44055298979828394
0.6648871898651123,-0.020285160422365688,0.12146802648123346,3.137665662772806,0.0,0.4490215266359322
0.6663532257080078,-0.02012320305372405,0.1619573686416398,3.137665662772806,0.0,0.4741606418341083
0.6677803993225098,-0.019961245685082403,0.16195736864164342,3.1384510609362035,0.7853981633973994,0.2231571357881511
0.6689300537109375,-0.019826281211214367,0.13496447386803556,3.1384510609362035,0.0,0.3777449022642871
0.6701533794403076,-0.019691316737346334,0.13496447386803556,3.1384510609362035,0.0,0.37792256580746186
0.6714272499084473,-0.019569848710865104,0.12146802648122984,3.1392364590996005,0.7853981633969553,0.11855712104995703
0.6725802421569824,-0.019461877131770673,0.10797157909443135,3.1392364590996005,0.0,0.2814179944661547
0.6742894649505615,-0.01929991976312903,0.1619573686416398,3.1392364590996005,0.0,0.31486574931311956
0.6752235889434814,-0.019205444631421407,0.09447513170762561,3.1400218572629983,0.7853981633978435,0.0222302132515298
0.676121711730957,-0.019137962394487392,0.06748223693401416,3.1400218572629983,0.0,0.17672914795617292
0.6768860816955566,-0.019070480157553374,0.06748223693401778,3.1400218572629983,0.0,0.17681797972776253
0.6778430938720703,-0.019016494368006155,0.0539857895472193,3.1400218572629983,0.0,0.16858040549624587
0.6793243885040283,-0.018922019236298535,0.09447513170762199,3.1408072554263957,0.7853981633973994,-0.057586013374936726
0.6807727813720703,-0.018814047657204108,0.10797157909442774,3.1408072554263957,0.0,0.12189213933893522
0.6818909645080566,-0.018760061867656892,0.05398578954721206,3.1408072554263957,0.0,0.08872864616104544
0.6831276416778564,-0.01870607607810968,0.053985789547215675,3.1408072554263957,0.0,0.08879971157831754
0.6852409839630127,-0.018611600946402053,0.09447513170762561,3.141592653589793,0.7853981633973994,-0.13736670729280992
0.6865861415863037,-0.018557615156854838,0.05398578954721206,3.141592653589793,0.0,0.008805821408630198
0.6878595352172852,-0.018517125814694425,0.04048934216041357,3.141592653589793,0.0,0.0005504808227960497
0.6889886856079102,-0.018490132919920823,0.026992894773604212,3.141592653589793,0.0,-0.007722626117362274
0.6899499893188477,-0.018463140025147214,0.026992894773607837,3.141592653589793,0.0,-0.007687093408725089
0.6908321380615234,-0.018436147130373608,0.026992894773607837,3.141592653589793,0.0,-0.007651560700090141
0.6917135715484619,-0.018422650682986805,0.013496447386802106,3.141592653589793,0.0,-0.0159424339945637
0.6931512355804443,-0.0183956577882132,0.026992894773607837,3.141592653589793,0.0,-0.0075982616371377204
0.6949977874755859,-0.01836866489343959,0.026992894773607837,3.141592653589793,0.0,-0.007562728928502771
0.6976308822631836,-0.01832817555127918,0.04048934216040995,3.141592653589793,0.0,0.0007992097832384548
0.6995306015014648,-0.01830118265650557,0.026992894773607837,3.1408072554263957,-0.7853981633973994,0.24374280514080307
0.7007474899291992,-0.018274189761731965,0.026992894773607837,3.1392364590996005,-1.570796326795243,0.5751843602145317
0.7016868591308594,-0.018260693314345162,0.013496447386802106,3.1384510609362035,-0.7853981633969553,0.4760554247564504
0.7024955749511719,-0.018260693314345162,0.0,3.137665662772806,-0.7853981633973994,0.5479361051749863
0.7041468620300293,-0.01822020397218475,0.04048934216040995,3.1368802646094087,-0.7853981633973994,0.6531046432514848
0.7055504322052002,-0.01817971463002434,0.04048934216040995,3.136094866446011,-0.7853981633978435,0.7333472623817617
0.7068605422973633,-0.018125728840477126,0.053985789547215675,3.136094866446011,0.0,0.5706995852171849
0.7080197334289551,-0.018058246603543108,0.06748223693401778,3.1353094682826135,-0.7853981633973994,0.8303137589353302
0.7091681957244873,-0.018004260813995896,0.05398578954721206,3.134524070119216,-0.7853981633973994,0.9022655047709863
0.7103071212768555,-0.017923282129675075,0.08097868432082352,3.1337386719558187,-0.7853981633973994,0.9991787022616506
0.7114255428314209,-0.01784230344535425,0.0809786843208199,3.1329532737924213,-0.7853981633973994,1.0794746204547305
0.7138803005218506,-0.01759936739239179,0.24293605296246332,3.132167875629024,-0.7853981633973994,1.2596874106851499
0.7148635387420654,-0.01749139581329736,0.10797157909442774,3.1313824774656265,-0.7853981633973994,1.2569324650990208
0.7157859802246094,-0.017383424234202933,0.10797157909443135,3.1313824774656265,0.0,1.0860472137030217
0.716907262802124,-0.0172484597603349,0.13496447386803195,3.1313824774656265,0.0,1.1028421565437718
0.7183911800384521,-0.01705950949691965,0.18895026341524762,3.130597079302229,-0.7853981633973994,1.3875421463970945
0.7198629379272461,-0.01684356633873079,0.21594315818885906,3.1298116811388312,-0.7853981633978435,1.484633007431081
0.7209463119506836,-0.016668112522702346,0.1754538160284455,3.1298116811388312,0.0,1.2889106688601994
0.7219107151031494,-0.01653314804883431,0.13496447386803556,3.1298116811388312,0.0,1.2641624134570055
0.7230696678161621,-0.01634419778541906,0.18895026341524762,3.130597079302229,0.7853981633978435,1.046428998714742
0.7243852615356445,-0.016114758179843404,0.22943960557565937,3.130597079302229,0.0,1.2426843279151463
0.7252442836761475,-0.015966297258588565,0.14846092125483948,3.1313824774656265,0.7853981633973994,0.9418112176221829
0.7260735034942627,-0.015817836337333722,0.1484609212548413,3.1313824774656265,0.0,1.1130340297502175
0.7269389629364014,-0.015669375416078886,0.14846092125483584,3.132167875629024,0.7853981633973994,0.8620127573499371
0.728065013885498,-0.015466928705276833,0.20244671080205334,3.132167875629024,0.0,1.0665411934904012
0.728905439376831,-0.015304971336635189,0.16195736864164342,3.1329532737924213,0.7853981633973994,0.7906117684980732
0.7297184467315674,-0.015156510415380351,0.1484609212548377,3.1337386719558187,0.7853981633973994,0.7023092386795969
0.7306578159332275,-0.014994553046738709,0.16195736864164342,3.1337386719558187,0.0,0.8818584568107388
0.7319505214691162,-0.014792106335936658,0.2024467108020515,3.134524070119216,0.7853981633973994,0.6558341687741499
0.733433723449707,-0.014508680940813782,0.28342539512287507,3.1353094682826135,0.7853981633973994,0.6258697800403792
0.7345457077026367,-0.01430623423001173,0.20244671080205334,3.1353094682826135,0.0,0.747311819692944
0.7356011867523193,-0.014130780413983284,0.1754538160284455,3.136094866446011,0.7853981633973994,0.4797088007037221
0.7376728057861328,-0.01392833370318123,0.20244671080205334,3.136094866446011,0.0,0.6676199575466052
0.7393522262573242,-0.013577426071124341,0.35090763205688924,3.1368802646094087,0.7853981633978435,0.5082602165976784
0.7407045364379883,-0.013320993570775073,0.25643250034926723,3.137665662772806,0.7853981633973994,0.3702479797211037
0.7416956424713135,-0.013186029096907038,0.13496447386803556,3.137665662772806,0.0,0.4666752686557125
0.7426905632019043,-0.013024071728265396,0.1619573686416416,3.137665662772806,0.0,0.4835057442051009
0.7435076236724854,-0.012902603701784164,0.12146802648123166,3.137665662772806,0.0,0.4587397224475895
0.7443134784698486,-0.012794632122689737,0.10797157909442774,3.137665662772806,0.0,0.45057321363333946
0.7454001903533936,-0.012659667648821702,0.13496447386803556,3.1384510609362035,0.7853981633973994,0.2161514541763249
0.7468605041503906,-0.012484213832793255,0.1754538160284455,3.1384510609362035,0.0,0.4123357179593618
0.748788595199585,-0.012254774227217595,0.2294396055756612,3.1392364590996005,0.7853981633969553,0.19465560228034748
0.7504477500915527,-0.01203883106902874,0.21594315818885548,3.1392364590996005,0.0,0.35765860653108045
0.7521507740020752,-0.011876873700387095,0.16195736864164342,3.1384510609362035,-0.7853981633969553,0.5758539464853039
0.7537288665771484,-0.011687923436971849,0.18895026341524762,3.137665662772806,-0.7853981633973994,0.6729092748106507
0.7547924518585205,-0.011566455410490617,0.12146802648123166,3.137665662772806,0.0,0.4604985915250195
0.7558059692382812,-0.011458483831396186,0.10797157909442953,3.137665662772806,0.0,0.45233208271077047
0.7569382190704346,-0.011364008699688564,0.09447513170762381,3.137665662772806,0.0,0.44414780754220173
0.7581784725189209,-0.011215547778433725,0.14846092125483948,3.137665662772806,0.0,0.4775777960348537
0.7595865726470947,-0.011080583304565688,0.13496447386803556,3.137665662772806,0.0,0.4694468199292385
0.7609481811523438,-0.01093212238331085,0.1484609212548377,3.137665662772806,0.0,0.4779508894755195
0.762026309967041,-0.010824150804216422,0.10797157909442774,3.1368802646094087,-0.7853981633973994,0.7043838036614092
0.7642147541046143,-0.01062170409341437,0.20244671080205334,3.1368802646094087,0.0,0.5917833942871585
0.7653987407684326,-0.010500236066933137,0.12146802648123166,3.1368802646094087,0.0,0.5420914535832773
0.7665820121765137,-0.010378768040451906,0.12146802648123166,3.1368802646094087,0.0,0.5422513507721346
0.7679834365844727,-0.010243803566583871,0.13496447386803556,3.1368802646094087,0.0,0.5507376539640992
0.7689273357391357,-0.010149328434876247,0.09447513170762381,3.137665662772806,0.7853981633973994,0.27471939720023336
0.7711997032165527,-0.009946881724074192,0.20244671080205334,3.137665662772806,0.0,0.5124823919358549
0.7722902297973633,-0.009838910144979765,0.10797157909442774,3.1384510609362035,0.7853981633973994,0.20324734293109722
0.7735681533813477,-0.009757931460658944,0.08097868432082171,3.1392364590996005,0.7853981633969553,0.10654734169239335
0.7748756408691406,-0.009636463434177713,0.12146802648123166,3.1392364590996005,0.0,0.3026605400580637
0.7759883403778076,-0.009541988302470087,0.09447513170762561,3.1400218572629983,0.7853981633978435,0.03495092294284144
0.7770566940307617,-0.009461009618149267,0.0809786843208199,3.1400218572629983,0.0,0.1977762636505931
0.7779960632324219,-0.009393527381215249,0.06748223693401778,3.1400218572629983,0.0,0.18955645577339164
0.7798426151275635,-0.009312548696894428,0.0809786843208199,3.1400218572629983,0.0,0.1979716935480853
0.7811896800994873,-0.009218073565186804,0.09447513170762561,3.1408072554263957,0.7853981633973994,-0.044812004620670434
0.7821948528289795,-0.009150591328252786,0.06748223693401778,3.1408072554263957,0.0,0.10968693008387821
0.78324294090271,-0.009096605538705572,0.05398578954721387,3.1408072554263957,0.0,0.10144935585235819
0.7852466106414795,-0.009015626854384751,0.08097868432082171,3.1408072554263957,0.0,0.11817323327584288
0.7869007587432861,-0.008948144617450733,0.06748223693401778,3.1400218572629983,-0.7853981633973994,0.36117012769640944
0.7878232002258301,-0.008907655275290322,0.04048934216040995,3.1400218572629983,0.0,0.1735787652312409
0.7886109352111816,-0.008880662380516715,0.026992894773607837,3.1400218572629983,0.0,0.16530565829108704
0.7893378734588623,-0.008853669485743109,0.02699289477360603,3.1400218572629983,0.0,0.1653411909997209
0.7903428077697754,-0.008813180143582698,0.04048934216040995,3.1392364590996005,-0.7853981633978435,0.42491983200932903
0.7918000221252441,-0.00874569790664868,0.06748223693401778,3.1392364590996005,0.0,0.2705985608478584
0.7926745414733887,-0.008705208564488268,0.04048934216041176,3.1384510609362035,-0.7853981633969553,0.5052512829108032
0.7934379577636719,-0.008678215669714663,0.02699289477360603,3.137665662772806,-0.7853981633973994,0.5771674960379717
0.7942619323730469,-0.008637726327554251,0.04048934216041176,3.136094866446011,-1.570796326795243,0.9169354571147583
0.7950468063354492,-0.00859723698539384,0.04048934216040995,3.1353094682826135,-0.7853981633973994,0.8261506940143
0.7963147163391113,-0.008543251195846627,0.05398578954721387,3.134524070119216,-0.7853981633973994,0.914719719147537
0.7976396083831787,-0.0084352796167522,0.10797157909442774,3.1329532737924213,-1.5707963267947989,1.2795024309421312
0.7994093894958496,-0.00828681869549736,0.14846092125483948,3.130597079302229,-2.3561944901921983,1.7162191222181673
0.8009610176086426,-0.008138357774242521,0.1484609212548386,3.129026282975434,-1.570796326795243,1.70576581001962
0.8022770881652832,-0.007949407510827273,0.18895026341524854,3.1266700884852416,-2.3561944901921983,2.142535800358511
0.8035507202148438,-0.007760457247412023,0.18895026341524943,3.125099292158447,-1.5707963267947989,2.13213578722277
0.8047029972076416,-0.007571506983996774,0.18895026341524943,3.122743097668254,-2.3561944901926424,2.5439798586154865
0.8063788414001465,-0.007382556720581524,0.18895026341524943,3.1211723013414594,-1.5707963267947989,2.533579845479698
0.8077762126922607,-0.0069776632989774195,0.4048934216041058,3.11803070868787,-3.1415926535895977,3.329863115219699
0.8089938163757324,-0.006667245009080939,0.3104182898964801,3.1164599123610746,-1.570796326795243,3.090435139500943
0.8098602294921875,-0.0064108125087316715,0.25643250034926723,3.11488911603428,-1.5707963267943548,3.217916781771928
0.8106892108917236,-0.006181372903156012,0.22943960557565937,3.1141037178708824,-0.7853981633978435,3.110763468334676
0.8127593994140625,-0.005601025665523461,0.5803472376325514,3.1125329215440876,-1.5707963267947989,3.6589580748036585
0.814171314239502,-0.005115153559598533,0.48587210592492747,3.1109621252172923,-1.570796326795243,3.7618158261521124
0.8152616024017334,-0.0046967636906076245,0.41838986899090874,3.1101767270538954,-0.7853981633969553,3.629985322728398
0.8164217472076416,-0.004251380926843107,0.4453827637645167,3.109391328890498,-0.7853981633973994,3.7273782117857786
0.8177134990692139,-0.0036980265839841645,0.5533543428589435,3.1086059307271006,-0.7853981633973994,3.8747650695702895
0.8193082809448242,-0.003077190004191202,0.6208365797929623,3.1086059307271006,0.0,3.7460981378823006
0.820723295211792,-0.0024158640822378296,0.6613259219533726,3.1078205325637027,-0.7853981633978435,4.023111310488091
0.8219084739685059,-0.0019029990815392962,0.5128650006985334,3.1070351344003053,-0.7853981633973994,4.01258071588255
0.8231091499328613,-0.0012416731595859237,0.6613259219533726,3.1070351344003053,0.0,3.933818921150252
0.8242425918579102,-0.0006478294745665689,0.5938436850193548,3.106249736236908,-0.7853981633973994,4.144274144794041
0.8252599239349365,-0.00013496447386803517,0.5128650006985338,3.106249736236908,0.0,3.9240700461348266
0.8263297080993652,0.0004183898689909091,0.5533543428589444,3.1054643380735105,-0.7853981633973994,4.20094108790593
0.8275127410888672,0.0010257300013970674,0.6073401324061584,3.1054643380735105,0.0,4.063947750214834
0.8308291435241699,0.0027802681616815247,1.7545381602844574,3.104678939910113,-0.7853981633973994,5.023708448720947
0.8321800231933594,0.0036575372418237535,0.8772690801422285,3.1038935417467157,-0.7853981633973994,4.5649910046474815
0.8332493305206299,0.004318863163777126,0.6613259219533721,3.1031081435833183,-0.7853981633973994,4.51311264169558
0.8353443145751953,0.005587529218136656,1.2686660543595312,3.1031081435833183,0.0,4.717644080966417
0.837421178817749,0.006815705930335777,1.2281767121991205,3.102322745419921,-0.7853981633973994,4.945551602560707
0.8386032581329346,0.007571506983996774,0.7558010536609968,3.101537347256523,-0.7853981633978435,4.735933450762172
0.8398325443267822,0.008340804485044576,0.7692975010478017,3.101537347256523,0.0,4.574227390376421
0.8408975601196289,0.009042619749158357,0.701815264113782,3.1007519490931257,-0.7853981633973994,4.784824744854697
0.8420038223266602,0.009757931460658944,0.7153117115005859,3.1007519490931257,0.0,4.623047619051773
0.8430442810058594,0.010419257382612316,0.6613259219533721,3.0999665509297283,-0.7853981633973994,4.841900314115889
0.8440096378326416,0.011040093962405278,0.6208365797929623,3.0999665509297283,0.0,4.646764265237583
0.8450627326965332,0.011701419884358652,0.6613259219533739,3.099181152766331,-0.7853981633973994,4.923777437843228
0.8474020957946777,0.013186029096907038,1.4846092125483856,3.099181152766331,0.0,5.261531373163777
0.8484177589416504,0.01392833370318123,0.7423046062741919,3.0983957546029335,-0.7853981633973994,5.056750044265574
0.8494925498962402,0.01461665251990821,0.6883188167269799,3.0983957546029335,0.0,4.853394187510068
0.8508768081665039,0.015345460678795601,0.7288081588873917,3.0983957546029335,0.0,4.879279489589581
0.8525660037994385,0.01657363739099472,1.2281767121991187,3.0983957546029335,0.0,5.188315894837687
0.8538119792938232,0.017423913576363345,0.8502761853686233,3.0983957546029335,0.0,4.956793264993578
0.8547646999359131,0.018085239498316714,0.6613259219533721,3.0983957546029335,0.0,4.841342861272079
0.8558065891265869,0.01867908318333607,0.5938436850193544,3.0983957546029335,0.0,4.8005813826181
0.8580174446105957,0.02009621015895044,1.4171269756143698,3.0983957546029335,0.0,5.309273868397604
0.8592586517333984,0.021094947265573896,0.9987371066234575,3.0983957546029335,0.0,5.053020749504617
0.860105037689209,0.021688790950593256,0.5938436850193579,3.0983957546029335,0.0,4.804543279630899
0.861006498336792,0.022255641740839004,0.5668507902457464,3.097610356439536,-0.7853981633973994,5.039888889512419
0.8622441291809082,0.02309242147882082,0.8367797379818214,3.097610356439536,0.0,5.036135814225357
0.8631329536437988,0.023740250953387387,0.6478294745665664,3.097610356439536,0.0,4.920667644149538
0.8641519546508789,0.024415073322727566,0.6748223693401778,3.097610356439536,0.0,4.9381732411629935
0.8660314083099365,0.025224860165935777,0.8097868432082098,3.0968249582761387,-0.7853981633973994,5.273542321207655
0.8672597408294678,0.026520519115068916,1.2956589491331363,3.0968249582761387,0.0,5.40333153634802
0.868330717086792,0.02727632016872991,0.7558010536609977,3.0960395601127413,-0.7853981633973994,5.323197568535931
0.8697113990783691,0.028167085696258944,0.8907655275290334,3.0952541619493434,-0.7853981633978435,5.487645864476106
0.8708198070526123,0.02894987964469355,0.7827939484346056,3.094468763785946,-0.7853981633973994,5.502396515903283
0.8722023963928223,0.029908127409156597,0.9582477644630476,3.0936833656225486,-0.7853981633973994,5.691859562561316
0.8732490539550781,0.0306774249102044,0.7692975010477998,3.0928979674591512,-0.7853981633973994,5.656740609741584
0.8746922016143799,0.031635672674667444,0.9582477644630476,3.0928979674591512,0.0,5.603295593750639
0.875802755355835,0.03243196307048886,0.7962903958214113,3.092112569295754,-0.7853981633973994,5.755856835167615
0.8768601417541504,0.03322825346631027,0.7962903958214113,3.0913271711323564,-0.7853981633973994,5.837094370139524
0.8776988983154297,0.03383559359871642,0.6073401324061565,3.090541772968959,-0.7853981633973994,5.801762221067979
0.8786981105804443,0.034469926625896194,0.6343330271797679,3.0897563748055616,-0.7853981633973994,5.89940383908566
0.8802125453948975,0.035455167285132844,0.9852406592366517,3.0881855784787664,-1.570796326795243,6.448131436184457
0.8815164566040039,0.036413415049595894,0.9582477644630476,3.087400180315369,-0.7853981633973994,6.341937505879959
0.8830051422119141,0.03747963439315337,1.0662193435574787,3.085829383988574,-1.5707963267947989,6.741216187426305
0.8838915824890137,0.03818144965726716,0.701815264113782,3.085043985825177,-0.7853981633973994,6.426968705170127
0.8850269317626953,0.03888326492138094,0.7018152641137893,3.0842585876617794,-0.7853981633973994,6.508081875661818
0.8867478370666504,0.04008444873880645,1.2011838174255072,3.082687791334984,-1.570796326795243,7.148488770566377
0.8885672092437744,0.0414071005827132,1.3226518439067514,3.08111699500819,-1.5707963267943548,7.385386270262716
0.8898017406463623,0.04229786611024223,0.8907655275290334,3.078760800517997,-2.3561944901926424,7.532277723318763
0.8909423351287842,0.04309415650606364,0.7962903958214004,3.0779754023545998,-0.7853981633973994,7.213300016288011
0.8920598030090332,0.04387695045449824,0.7827939484346091,3.076404606027805,-1.5707963267947989,7.5374278475545395
0.8936514854431152,0.04494316979805572,1.0662193435574716,3.07483380970101,-1.5707963267947989,7.873691462304599
0.8951876163482666,0.046036382036386804,1.0932122383310903,3.0724776152108175,-2.3561944901926424,8.303343158734174
0.8967571258544922,0.04711609782733108,1.0797157909442774,3.0701214207206253,-2.3561944901921983,8.537023787632263
0.8982656002044678,0.048249799407822584,1.1337015804915003,3.067765226230433,-2.3561944901921983,8.812318680191677
0.8994839191436768,0.04912706848796481,0.8772690801422276,3.066194429903638,-1.570796326795243,8.644960597799267
0.9010791778564453,0.05030125941061671,1.174190922651903,3.0638382354134457,-2.3561944901921983,9.240891685330334
0.9019887447357178,0.051003074674730496,0.701815264113782,3.062267439086651,-1.5707963267947989,8.94036440595102
0.9033184051513672,0.05185335086009912,0.8502761853686306,3.0606966427598556,-1.570796326795243,9.193257362544268
0.906282901763916,0.053553903230836364,1.7005523707372396,3.0567696519428686,-3.926990816986997,10.632968968089527
0.9077901840209961,0.05507900178554516,1.525098554708794,3.0528426611258817,-3.926990816986997,10.927910851029072
0.9089672565460205,0.055915781523526976,0.8367797379818175,3.050486466635689,-2.3561944901926424,10.40378493864913
0.9101524353027344,0.0567660577088956,0.8502761853686233,3.0473448739820994,-3.1415926535895977,10.904997521119176
0.9114737510681152,0.057670319683811436,0.9042619749158318,3.0457740776553046,-1.5707963267947989,10.757746301126929
0.9129314422607422,0.058723042579982114,1.0527228961706803,3.0426324850017146,-3.141592653590042,11.51333915763032
0.9142820835113525,0.05973527613399237,1.0122335540102558,3.039490892348125,-3.1415926535895977,11.810502995526468
0.9151976108551025,0.06041009850333255,0.6748223693401851,3.0379200960213297,-1.570796326795243,11.421999197696028
0.9161965847015381,0.06111191376744633,0.701815264113782,3.036349299694535,-1.5707963267947989,11.59991896755247
0.918567419052124,0.06269099811170234,1.5790843442560096,3.0339931052043427,-2.3561944901921983,12.553654550611018
0.919837236404419,0.06371672811309942,1.025730001397069,3.0284953180605605,-5.49778714378224,13.459785337331475
0.9208457469940186,0.06447252916676041,0.7558010536609977,3.0261391235703683,-2.3561944901921983,12.85106589147673
0.9216907024383545,0.06509336574655337,0.6208365797929623,3.023782929080176,-2.3561944901921983,13.009364707489071
0.922513484954834,0.06567371298418591,0.5803472376325449,3.022212132753381,-1.570796326795243,12.97455399968231
0.9239139556884766,0.06653748561694134,0.8637726327554219,3.0198559382631887,-2.3561944901921983,13.561767821415241
0.9252550601959229,0.06759020851311204,1.0527228961706874,3.016714345609599,-3.1415926535895977,14.17125921463442
0.9261589050292969,0.06829202377722579,0.7018152641137676,3.013572752956009,-3.141592653590042,14.276915714459289
0.9269425868988037,0.06887237101485835,0.5803472376325595,3.012001956629214,-1.5707963267947989,14.021225786529076
0.9277298450469971,0.06943922180510409,0.5668507902457393,3.0104311603024194,-1.5707963267947989,14.174041973895962
0.9291760921478271,0.07004656193751027,0.607340132406171,3.008860363975624,-1.570796326795243,14.360146018921132
0.9302003383636475,0.07116676707061495,1.1202051331046872,3.004933373158637,-3.926990816986997,15.591377680010995
0.9312047958374023,0.07186858233472876,0.7018152641137966,3.0025771786684445,-2.3561944901926424,15.233246897063733
0.9326553344726562,0.07282683009919179,0.958247764463033,3.0002209841782523,-2.3561944901921983,15.632940421748692
0.9342098236083984,0.07369060273194722,0.8637726327554363,2.9970793915246623,-3.141592653590042,16.067701653383004
0.9354159832000732,0.07486479365459914,1.17419092265191,2.9931524007076753,-3.926990816986997,16.83232002069716
0.9365499019622803,0.07568807694519414,0.8232832905950047,2.990796206217483,-2.3561944901921983,16.51589233318249
0.9376933574676514,0.07647087089362874,0.7827939484346019,2.988440011727291,-2.3561944901921983,16.73256482298817
0.9388134479522705,0.07726716128945015,0.7962903958214077,2.985298419073701,-3.141592653590042,17.23370634004109
0.9403281211853027,0.07834687708039442,1.0797157909442845,2.9821568264201113,-3.1415926535895977,17.73036636127979
0.9418842792510986,0.07942659287133871,1.0797157909442845,2.979015233766521,-3.141592653590042,18.05254494989414
0.9429380893707275,0.08024987616193373,0.8232832905950191,2.976659039276329,-2.3561944901921983,17.9653051221514
0.9440336227416992,0.08097868432082111,0.728808158887379,2.9743028447861364,-2.3561944901926424,18.148671987944788
0.9453673362731934,0.0817479818218689,0.7692975010477962,2.971946650295944,-2.3561944901921983,18.41517854928869
0.9466402530670166,0.08280070471803957,1.0527228961706732,2.968805057642354,-3.141592653590042,19.082830420049536
0.9478423595428467,0.08366447735079502,0.8637726327554363,2.9664488631521624,-2.356194490191754,19.037187089613607
0.9490456581115723,0.08447426419400322,0.8097868432081989,2.9633072704985723,-3.141592653590042,19.49680317477703
0.9503138065338135,0.08545950485323987,0.985240659236659,2.9601656778449827,-3.1415926535895977,19.92686971434514
0.9512174129486084,0.08609383788041965,0.6343330271797679,2.9585948815181875,-1.570796326795243,19.530003977803002
0.9525682926177979,0.08699809985533548,0.904261974915839,2.955453288864598,-3.1415926535895977,20.36017916124781
0.9540278911590576,0.08790236183025132,0.904261974915839,2.952311696211008,-3.141592653590042,20.68212678725599
0.9552297592163086,0.08894158827903519,1.0392264487838674,2.9491701035574183,-3.1415926535895977,21.08733847329504
0.9562573432922363,0.08967039643792257,0.7288081588873935,2.9468139090672256,-2.3561944901926424,20.966739722477165
0.9573054313659668,0.09041270104419677,0.7423046062741993,2.944457714577034,-2.356194490191754,21.216593471814807
0.9583225250244141,0.09115500565047097,0.7423046062741847,2.9421015200868412,-2.3561944901926424,21.458138581504084
0.9595272541046143,0.09199178538845279,0.8367797379818248,2.939745325596649,-2.3561944901921983,21.757968533214793
0.9610075950622559,0.09303101183723667,1.0392264487838674,2.936603732943059,-3.141592653590042,22.375750799728525
0.9647371768951416,0.09493401091877594,1.9029990815392894,2.9318913439626746,-4.712388980384397,23.733199478073978
0.9666078090667725,0.09695847802679648,2.0244671080205263,2.9248227604920976,-7.068583470577039,25.045428215357227
0.9680793285369873,0.09799770447558036,1.0392264487838818,2.921681167838508,-3.1415926535895977,23.90588589939399
0.9708197116851807,0.09980622842541202,1.808523949831678,2.918539575184918,-3.141592653590042,24.7026163311225
0.972393274307251,0.10099391579545074,1.1876873700387016,2.913827186204533,-4.712388980384841,25.145173031322404
0.9738132953643799,0.10204663869162141,1.0527228961706732,2.9106855935509435,-3.1415926535895977,25.042174926278854
0.9751062393188477,0.10293740421915044,0.8907655275290334,2.908329399060751,-2.3561944901926424,25.013184407849522
0.9765760898590088,0.1039901271153211,1.0527228961706585,2.9051878064071612,-3.1415926535895977,25.606058521771008
0.9778115749359131,0.10486739619546334,0.877269080142242,2.902831611916969,-2.3561944901921983,25.56874159733838
0.9790756702423096,0.10577165817037917,0.904261974915839,2.9004754174267764,-2.3561944901926424,25.82711718257696
0.980210542678833,0.10658144501358738,0.8097868432081989,2.8989046210999816,-1.5707963267947989,25.759373944198238
0.9812731742858887,0.10732374961986159,0.7423046062742137,2.8965484266097894,-2.3561944901921983,26.130403237873896
0.9835736751556396,0.1089028339641176,1.5790843442560096,2.892621435792802,-3.9269908169874412,27.3906189243512
0.9861962795257568,0.11076534370349647,1.8625097393788719,2.88712364864902,-5.497787143781796,28.470932118802914
0.9875166416168213,0.11175058436273315,0.9852406592366734,2.8847674541588275,-2.3561944901926424,27.488625916776346
0.9887683391571045,0.11260086054810177,0.8502761853686162,2.8824112596686353,-2.3561944901921983,27.647226760811925
0.9910035133361816,0.11427442002406539,1.6735594759636208,2.8776988706882505,-4.712388980384841,29.15047487441839
